IP,timestamp,HTTP_method,request_path,status_code,content_length
192.168.1.1,2024-03-01 10:00:00,GET,/home,200,1024
192.168.1.2,2024-03-01 10:00:01,POST,/login,401,512
192.168.1.1,2024-03-01 11:00:00,GET,/about,200,2048
192.168.1.3,2024-03-01 11:30:00,PUT,/update,403,0
192.168.1.2,2024-03-01 12:00:00,GET,/home,200,1024
2121,2024-03-01 13:02:13,hi,/update,233,32
212,2024-03-01 13:02:13,hi,/update,233,32
2222,2024-03-01 13:02:13,hi2,/update,233,32
222,2024-03-01 13:02:13,hi6,/update,233,32
22,2024-03-01 13:02:13,hi6,/update,233,32
22,2024-03-01 13:02:13,hi6,/update,233,32
22,2024-03-01 13:02:13,hi6,/update,233,32
22,2024-03-01 13:02:13,hi5,/update,233,32
22,2024-03-01 13:02:13,hi5,/update,233,32
22,2024-03-01 13:02:13,hi5,/update,233,32
22,2024-03-01 13:02:13,hi2,/update,233,32
22,2024-03-01 13:02:13,hi2,/update,233,32
22,2024-03-01 13:02:13,hi2,/update,233,32
22,2024-03-01 13:02:13,hi,/update,233,32
22,2024-03-01 13:02:13,hi,/update,233,32
22,2024-03-01 13:02:13,hi,/update,233,32
22,2024-03-01 13:02:13,hi,/update,233,32
22,2024-03-01 13:02:13,hi5,/update,233,32